insert into uye (uye_no,uye_Adi,uye_soyadi,adresi,aktifmi) values (1,'Ertuðrul','CANDAN','Afyonkarahisar Merkez',1)
insert into uye (uye_no,uye_Adi,uye_soyadi,adresi,aktifmi) values (2,'Ömer','KÖR','Kýrklareli Babaeski',1)
insert into uye (uye_no,uye_Adi,uye_soyadi,adresi,aktifmi) values (3,'Bade','AKIN','Ýstanbul Merkez',1)
insert into uye (uye_no,uye_Adi,uye_soyadi,adresi,aktifmi) values (4,'Feyza','BEKÝR','Zonguldak Merkez',1)
insert into yazar (yazar_no,yazar_adi,yazar_soyadi,dogum_tarihi,biyogrofi) values (1,'Ahmet Hamdi','TANPINAR','1978-12-08','Yazar olarak hayata geldi.')
insert into kitap (kitap_no,kitap_adi,isbn_no,sayfa_sayisi,kitap_ozet) values (1,'Saatleri Ayarlama Enstitüsü','123456484689',510,'Kitap özeti Kitap özeti Kitap özeti')
insert into kitap_yazar (kitap_yazar_no,yazar_no,kitap_no) values (1,1,1)
insert into yazar (yazar_no,yazar_adi,yazar_soyadi,dogum_tarihi,biyogrofi) values (2,'Dostoyevksi','SOYAD','1850-03-25','Yazaar olarak hayata geldi dasðþdasakfopfejýjo')
insert into kitap (kitap_no,kitap_adi,isbn_no,sayfa_sayisi,kitap_ozet) values (2,'Suç ve ceza','sdsadýo489646',920,'dsnfajfnakkamfpodfpokdopskofþmþdfjlofnfakmfa')
insert into kitap (kitap_no,kitap_adi,isbn_no,sayfa_sayisi,kitap_ozet) values (3,'Beyaz Geceler','5616516sa1dad165',504,'ddsadasfjfdsljfsdjfsþdýjfdojþdaýjdýo')
insert into kitap (kitap_no,kitap_adi,isbn_no,sayfa_sayisi,kitap_ozet) values (4,'Kumarbaz','daadýoj48489498456',472,'das5sa4d464dasasdasdasdasdasd')
insert into kitap_yazar (kitap_yazar_no,yazar_no,kitap_no) values (2,2,2)
insert into kitap_yazar (kitap_yazar_no,yazar_no,kitap_no) values (3,2,3)
insert into kitap_yazar (kitap_yazar_no,yazar_no,kitap_no) values (4,2,4)
update yazar set yazar_adi='Fyodor Dostoyevski' where yazar_no=2
insert into odunc (odunc_no,kitap_no,uye_no,verme_tarihi,verme_suresi,geldimi) values (1,2,2,'2021-02-14','23:59:59.9999999',0)
insert into odunc (odunc_no,kitap_no,uye_no,verme_tarihi,verme_suresi,geldimi) values (2,4,3,'2021-03-18','23:59:59.9999999',0)
insert into odunc (odunc_no,kitap_no,uye_no,verme_tarihi,verme_suresi,geldimi) values (3,3,4,'2021-07-28','23:59:59.9999999',0)
insert into odunc (odunc_no,kitap_no,uye_no,verme_tarihi,verme_suresi,geldimi) values (4,1,1,'2021-08-12','23:59:59.9999999',1)

